[
  {
    "id": "e1cb7e87-70a2-4c7d-ad2b-9dba431d6eab",
    "data": [
      {
        "text": "add ",
        "userDefined": false
      },
      {
        "text": "tag",
        "meta": "@tag",
        "alias": "tag",
        "userDefined": false
      },
      {
        "text": " tag",
        "userDefined": false
      }
    ],
    "isTemplate": false,
    "count": 0,
    "lang": "en",
    "updated": 0
  },
  {
    "id": "f34be909-fccc-474b-b7e8-ac1cc6e1d6c4",
    "data": [
      {
        "text": "filter the category",
        "userDefined": false
      }
    ],
    "isTemplate": false,
    "count": 0,
    "lang": "en",
    "updated": 0
  },
  {
    "id": "1e531441-ad8b-4a48-a71d-19ae921fd0ba",
    "data": [
      {
        "text": "filter the results",
        "userDefined": false
      }
    ],
    "isTemplate": false,
    "count": 0,
    "lang": "en",
    "updated": 0
  },
  {
    "id": "19729d1c-3418-47ec-86a8-20b8c45ff5a1",
    "data": [
      {
        "text": "show filter",
        "userDefined": false
      }
    ],
    "isTemplate": false,
    "count": 0,
    "lang": "en",
    "updated": 0
  },
  {
    "id": "19d039d8-169c-4a01-9e19-ddd53206f43e",
    "data": [
      {
        "text": "add filter",
        "userDefined": false
      }
    ],
    "isTemplate": false,
    "count": 0,
    "lang": "en",
    "updated": 0
  },
  {
    "id": "aac1d0ad-0ca1-4ae9-a2c6-2f6b5a5928bf",
    "data": [
      {
        "text": "filter the results by ",
        "userDefined": false
      },
      {
        "text": "tag",
        "meta": "@tag",
        "alias": "tag",
        "userDefined": true
      }
    ],
    "isTemplate": false,
    "count": 0,
    "lang": "en",
    "updated": 0
  },
  {
    "id": "605ff4c8-d187-44b0-957f-6abd6db81dba",
    "data": [
      {
        "text": "add ",
        "userDefined": false
      },
      {
        "text": "tag",
        "meta": "@tag",
        "alias": "tag",
        "userDefined": true
      },
      {
        "text": " to category filter",
        "userDefined": false
      }
    ],
    "isTemplate": false,
    "count": 0,
    "lang": "en",
    "updated": 0
  },
  {
    "id": "09d825a1-c42b-4554-bdc8-871aa173749c",
    "data": [
      {
        "text": "filter category by ",
        "userDefined": false
      },
      {
        "text": "tag",
        "meta": "@tag",
        "alias": "tag",
        "userDefined": true
      }
    ],
    "isTemplate": false,
    "count": 0,
    "lang": "en",
    "updated": 0
  },
  {
    "id": "cb2c52c2-f644-4b57-9892-516e8f2e53d4",
    "data": [
      {
        "text": "add ",
        "userDefined": false
      },
      {
        "text": "tag",
        "meta": "@tag",
        "alias": "tag",
        "userDefined": true
      },
      {
        "text": " to filter",
        "userDefined": false
      }
    ],
    "isTemplate": false,
    "count": 0,
    "lang": "en",
    "updated": 0
  },
  {
    "id": "c08ed98a-7851-4977-ba0e-201afa6ecb72",
    "data": [
      {
        "text": "show me ",
        "userDefined": false
      },
      {
        "text": "visors",
        "meta": "@tag",
        "alias": "tag",
        "userDefined": false
      }
    ],
    "isTemplate": false,
    "count": 0,
    "lang": "en",
    "updated": 0
  },
  {
    "id": "8cf0d944-5917-41d5-b5a1-cef3705b53eb",
    "data": [
      {
        "text": "show me ",
        "userDefined": false
      },
      {
        "text": "white",
        "meta": "@tag",
        "alias": "tag",
        "userDefined": false
      },
      {
        "text": " ones",
        "userDefined": false
      }
    ],
    "isTemplate": false,
    "count": 0,
    "lang": "en",
    "updated": 0
  },
  {
    "id": "e92f6fd3-327a-4a7c-86da-1e628de8880a",
    "data": [
      {
        "text": "show me ",
        "userDefined": false
      },
      {
        "text": "red",
        "meta": "@tag",
        "alias": "tag",
        "userDefined": false
      },
      {
        "text": " ones",
        "userDefined": false
      }
    ],
    "isTemplate": false,
    "count": 0,
    "lang": "en",
    "updated": 0
  }
]