[
  {
    "id": "13255248-98e4-4e35-bbce-abec97fc77da",
    "data": [
      {
        "text": "please put ",
        "userDefined": false
      },
      {
        "text": "product",
        "meta": "@product",
        "alias": "product",
        "userDefined": false
      },
      {
        "text": " to cart",
        "userDefined": false
      }
    ],
    "isTemplate": false,
    "count": 0,
    "lang": "en",
    "updated": 0
  },
  {
    "id": "0f5f209c-890a-4231-be49-6a70b7aab4a8",
    "data": [
      {
        "text": "put ",
        "userDefined": false
      },
      {
        "text": "product",
        "meta": "@product",
        "alias": "product",
        "userDefined": false
      },
      {
        "text": " to cart",
        "userDefined": false
      }
    ],
    "isTemplate": false,
    "count": 0,
    "lang": "en",
    "updated": 0
  },
  {
    "id": "83547154-f670-418e-bf7c-72d4b2f5c5d8",
    "data": [
      {
        "text": "can you add ",
        "userDefined": false
      },
      {
        "text": "product",
        "meta": "@product",
        "alias": "product",
        "userDefined": false
      },
      {
        "text": " to cart",
        "userDefined": false
      }
    ],
    "isTemplate": false,
    "count": 0,
    "lang": "en",
    "updated": 0
  },
  {
    "id": "cc35437f-e41c-47ba-b7e7-a7193b5c5886",
    "data": [
      {
        "text": "please add ",
        "userDefined": false
      },
      {
        "text": "product",
        "meta": "@product",
        "alias": "product",
        "userDefined": false
      },
      {
        "text": " to cart",
        "userDefined": false
      }
    ],
    "isTemplate": false,
    "count": 0,
    "lang": "en",
    "updated": 0
  },
  {
    "id": "1907459c-676c-42a8-bf16-c4a7d78ded58",
    "data": [
      {
        "text": "product",
        "meta": "@product",
        "alias": "product",
        "userDefined": false
      },
      {
        "text": " to my cart",
        "userDefined": false
      }
    ],
    "isTemplate": false,
    "count": 0,
    "lang": "en",
    "updated": 0
  },
  {
    "id": "c6841086-c252-4d62-8ba4-24389ef111dc",
    "data": [
      {
        "text": "add ",
        "userDefined": false
      },
      {
        "text": "product",
        "meta": "@product",
        "alias": "product",
        "userDefined": false
      },
      {
        "text": " to cart",
        "userDefined": false
      }
    ],
    "isTemplate": false,
    "count": 0,
    "lang": "en",
    "updated": 0
  },
  {
    "id": "89ad1292-53f2-4046-a6ab-80a127f6ea56",
    "data": [
      {
        "text": "add ",
        "userDefined": false
      },
      {
        "text": "product",
        "meta": "@product",
        "alias": "product",
        "userDefined": false
      },
      {
        "text": " to my cart",
        "userDefined": false
      }
    ],
    "isTemplate": false,
    "count": 0,
    "lang": "en",
    "updated": 0
  }
]