[
  {
    "id": "8ecaeda3-11e0-47d4-8ad3-c2799636a084",
    "data": [
      {
        "text": "please take me to cart for review",
        "userDefined": false
      }
    ],
    "isTemplate": false,
    "count": 0,
    "lang": "en",
    "updated": 0
  },
  {
    "id": "7f483118-138b-4910-9ac7-cfc0adcc9333",
    "data": [
      {
        "text": "please show me cart for review",
        "userDefined": false
      }
    ],
    "isTemplate": false,
    "count": 0,
    "lang": "en",
    "updated": 0
  },
  {
    "id": "7d0de6ad-739f-476f-a795-1943e4226d92",
    "data": [
      {
        "text": "please show me cart to review",
        "userDefined": false
      }
    ],
    "isTemplate": false,
    "count": 0,
    "lang": "en",
    "updated": 0
  },
  {
    "id": "03490f71-a789-4f90-82fb-014dc3fe2ef7",
    "data": [
      {
        "text": "show me the cart for review",
        "userDefined": false
      }
    ],
    "isTemplate": false,
    "count": 0,
    "lang": "en",
    "updated": 0
  },
  {
    "id": "88881a08-8103-4657-b01b-5d5ccac1a392",
    "data": [
      {
        "text": "please review the cart",
        "userDefined": false
      }
    ],
    "isTemplate": false,
    "count": 1,
    "lang": "en",
    "updated": 0
  },
  {
    "id": "e6efcc94-1aa0-4037-9103-e82ea3e597a6",
    "data": [
      {
        "text": "take me to cart to review",
        "userDefined": false
      }
    ],
    "isTemplate": false,
    "count": 0,
    "lang": "en",
    "updated": 0
  },
  {
    "id": "849db0ad-6911-4397-ba22-623112889fbe",
    "data": [
      {
        "text": "review cart",
        "userDefined": false
      }
    ],
    "isTemplate": false,
    "count": 0,
    "lang": "en",
    "updated": 0
  },
  {
    "id": "ab28209d-b588-4b6a-9ff2-9fd09d0047bf",
    "data": [
      {
        "text": "Can you take me to cart to review",
        "userDefined": false
      }
    ],
    "isTemplate": false,
    "count": 0,
    "lang": "en",
    "updated": 0
  }
]