[
  {
    "id": "50e15610-6b65-4c37-b350-84822b4ad5d3",
    "data": [
      {
        "text": "can you please tell me about my cart?",
        "userDefined": false
      }
    ],
    "isTemplate": false,
    "count": 0,
    "lang": "en",
    "updated": 0
  },
  {
    "id": "3e0777fe-7544-46bd-9b16-7afe3c4423b8",
    "data": [
      {
        "text": "tell me about the cart",
        "userDefined": false
      }
    ],
    "isTemplate": false,
    "count": 0,
    "lang": "en",
    "updated": 0
  },
  {
    "id": "bc12398a-2f9f-4342-977a-648c3b99b228",
    "data": [
      {
        "text": "What is in the cart?",
        "userDefined": false
      }
    ],
    "isTemplate": false,
    "count": 0,
    "lang": "en",
    "updated": 0
  },
  {
    "id": "104326ad-3380-4e3a-98c8-b5c6b63b6b94",
    "data": [
      {
        "text": "what\u0027s in my cart",
        "userDefined": false
      }
    ],
    "isTemplate": false,
    "count": 0,
    "lang": "en",
    "updated": 0
  }
]