[
  {
    "id": "eea2a93b-26a8-46f2-a6ef-e673c1629ef4",
    "data": [
      {
        "text": "show me types of items",
        "userDefined": false
      }
    ],
    "isTemplate": false,
    "count": 0,
    "lang": "en",
    "updated": 0
  },
  {
    "id": "6f822e25-a59c-4164-bf2a-d57cb287e1f3",
    "data": [
      {
        "text": "tell me different items",
        "userDefined": false
      }
    ],
    "isTemplate": false,
    "count": 0,
    "lang": "en",
    "updated": 0
  },
  {
    "id": "aae1363b-ab71-401c-9e90-6e0eeb4730bd",
    "data": [
      {
        "text": "Can you inform me different types products?",
        "userDefined": false
      }
    ],
    "isTemplate": false,
    "count": 0,
    "lang": "en",
    "updated": 0
  },
  {
    "id": "9d959baf-b0b6-4a95-adbc-bf53843da61f",
    "data": [
      {
        "text": "Inform me about different categories?",
        "userDefined": false
      }
    ],
    "isTemplate": false,
    "count": 0,
    "lang": "en",
    "updated": 0
  },
  {
    "id": "f968de0f-157f-4fbd-b209-8ef354d68ad4",
    "data": [
      {
        "text": "list all the different categories.",
        "userDefined": false
      }
    ],
    "isTemplate": false,
    "count": 0,
    "lang": "en",
    "updated": 0
  },
  {
    "id": "0f6520a3-ca2c-4ba7-a0d5-c75773eac58e",
    "data": [
      {
        "text": "please list all the different product categories",
        "userDefined": false
      }
    ],
    "isTemplate": false,
    "count": 0,
    "lang": "en",
    "updated": 0
  },
  {
    "id": "a718a765-53f6-418c-b3d0-b5aae8e36bf7",
    "data": [
      {
        "text": "list down types of products",
        "userDefined": false
      }
    ],
    "isTemplate": false,
    "count": 0,
    "lang": "en",
    "updated": 0
  },
  {
    "id": "dc282b06-354e-4174-bd2d-d12cb8f9e70f",
    "data": [
      {
        "text": "What types of products do you have?",
        "userDefined": false
      }
    ],
    "isTemplate": false,
    "count": 0,
    "lang": "en",
    "updated": 0
  },
  {
    "id": "52ce2252-932b-4875-8d53-aac009df0f5f",
    "data": [
      {
        "text": "tell me all the categories",
        "userDefined": false
      }
    ],
    "isTemplate": false,
    "count": 0,
    "lang": "en",
    "updated": 0
  },
  {
    "id": "078d5aa2-3bfd-4511-b6bb-c9a22dd59836",
    "data": [
      {
        "text": "list down the categories",
        "userDefined": false
      }
    ],
    "isTemplate": false,
    "count": 0,
    "lang": "en",
    "updated": 0
  },
  {
    "id": "36a37d24-deb8-4faa-bfe5-e04310445a69",
    "data": [
      {
        "text": "What all different types of products do you have?",
        "userDefined": false
      }
    ],
    "isTemplate": false,
    "count": 0,
    "lang": "en",
    "updated": 0
  },
  {
    "id": "516708f6-a3f1-47f3-98e3-595a9fddff66",
    "data": [
      {
        "text": "Can you tell me all the the different types of products.",
        "userDefined": false
      }
    ],
    "isTemplate": false,
    "count": 0,
    "lang": "en",
    "updated": 0
  },
  {
    "id": "352b1f0e-91e7-4c29-9d00-2ccabd1dd6b3",
    "data": [
      {
        "text": "list down all the different types of products.",
        "userDefined": false
      }
    ],
    "isTemplate": false,
    "count": 0,
    "lang": "en",
    "updated": 0
  }
]