[
  {
    "id": "2f786194-255c-4254-9a06-4159f9b32a78",
    "data": [
      {
        "text": "can you navigate to ",
        "userDefined": false
      },
      {
        "text": "category",
        "meta": "@category",
        "alias": "category",
        "userDefined": false
      }
    ],
    "isTemplate": false,
    "count": 0,
    "lang": "en",
    "updated": 0
  },
  {
    "id": "3a5ee3a0-9354-4060-8c71-ccd7a753a34c",
    "data": [
      {
        "text": "can you show me ",
        "userDefined": false
      },
      {
        "text": "category",
        "meta": "@category",
        "alias": "category",
        "userDefined": false
      }
    ],
    "isTemplate": false,
    "count": 0,
    "lang": "en",
    "updated": 0
  },
  {
    "id": "239713a0-b913-43e5-b319-2ddca678996d",
    "data": [
      {
        "text": "can you take me to ",
        "userDefined": false
      },
      {
        "text": "category",
        "meta": "@category",
        "alias": "category",
        "userDefined": false
      }
    ],
    "isTemplate": false,
    "count": 0,
    "lang": "en",
    "updated": 0
  },
  {
    "id": "e15e928e-db34-41e0-9967-14dfb7a3732b",
    "data": [
      {
        "text": "please navigate to ",
        "userDefined": false
      },
      {
        "text": "category",
        "meta": "@category",
        "alias": "category",
        "userDefined": false
      }
    ],
    "isTemplate": false,
    "count": 0,
    "lang": "en",
    "updated": 0
  },
  {
    "id": "47384e74-186f-485a-bf02-fd01c6bb61d3",
    "data": [
      {
        "text": "please show me ",
        "userDefined": false
      },
      {
        "text": "category",
        "meta": "@category",
        "alias": "category",
        "userDefined": false
      }
    ],
    "isTemplate": false,
    "count": 0,
    "lang": "en",
    "updated": 0
  },
  {
    "id": "c564a6e2-4565-4f7a-b72e-c824d4322820",
    "data": [
      {
        "text": "please take me to ",
        "userDefined": false
      },
      {
        "text": "category",
        "meta": "@category",
        "alias": "category",
        "userDefined": false
      }
    ],
    "isTemplate": false,
    "count": 0,
    "lang": "en",
    "updated": 0
  },
  {
    "id": "08bbbe65-2155-4337-9fdf-3e4b94c4ab60",
    "data": [
      {
        "text": "take me to ",
        "userDefined": false
      },
      {
        "text": "category",
        "meta": "@category",
        "alias": "category",
        "userDefined": false
      }
    ],
    "isTemplate": false,
    "count": 0,
    "lang": "en",
    "updated": 0
  },
  {
    "id": "e3c3fc3c-31c4-4839-8234-ea7bba0f6c08",
    "data": [
      {
        "text": "show me ",
        "userDefined": false
      },
      {
        "text": "category",
        "meta": "@category",
        "alias": "category",
        "userDefined": true
      }
    ],
    "isTemplate": false,
    "count": 0,
    "lang": "en",
    "updated": 0
  }
]