[
  {
    "id": "69c64a58-89ee-49d1-8db1-681bb7ce7cc3",
    "data": [
      {
        "text": "place order for all the items in the cart",
        "userDefined": false
      }
    ],
    "isTemplate": false,
    "count": 0,
    "lang": "en",
    "updated": 0
  },
  {
    "id": "d923a67b-47c4-4a07-a712-4d99f9b0b6b8",
    "data": [
      {
        "text": "please confirm the order",
        "userDefined": false
      }
    ],
    "isTemplate": false,
    "count": 0,
    "lang": "en",
    "updated": 0
  },
  {
    "id": "04676181-c8f2-4205-9199-771ce5b11602",
    "data": [
      {
        "text": "please order all the items from cart",
        "userDefined": false
      }
    ],
    "isTemplate": false,
    "count": 0,
    "lang": "en",
    "updated": 0
  },
  {
    "id": "2082f2e1-ec2a-4ed6-8112-552781c77dfe",
    "data": [
      {
        "text": "can you please confirm the order",
        "userDefined": false
      }
    ],
    "isTemplate": false,
    "count": 0,
    "lang": "en",
    "updated": 0
  },
  {
    "id": "fe5fd45e-c499-4278-b6e6-6876f146f328",
    "data": [
      {
        "text": "confirm the order",
        "userDefined": false
      }
    ],
    "isTemplate": false,
    "count": 0,
    "lang": "en",
    "updated": 0
  },
  {
    "id": "d1224405-4224-49ce-9581-2a5cb9965d29",
    "data": [
      {
        "text": "place an order",
        "userDefined": false
      }
    ],
    "isTemplate": false,
    "count": 0,
    "lang": "en",
    "updated": 0
  },
  {
    "id": "53f63771-858e-417c-9ee4-231efb806398",
    "data": [
      {
        "text": "proceed with my order",
        "userDefined": false
      }
    ],
    "isTemplate": false,
    "count": 0,
    "lang": "en",
    "updated": 0
  },
  {
    "id": "9bc89bb0-90ae-424b-ad82-d57f01bb86f1",
    "data": [
      {
        "text": "confirm my order",
        "userDefined": false
      }
    ],
    "isTemplate": false,
    "count": 0,
    "lang": "en",
    "updated": 0
  },
  {
    "id": "c6e0deb2-86cf-46f2-aa15-8d5559235d90",
    "data": [
      {
        "text": "confirm cart",
        "userDefined": false
      }
    ],
    "isTemplate": false,
    "count": 0,
    "lang": "en",
    "updated": 0
  }
]