[
  {
    "id": "4645d3bc-9c96-4ad9-897d-c5eee9eddc69",
    "data": [
      {
        "text": "clear the cart",
        "userDefined": false
      }
    ],
    "isTemplate": false,
    "count": 0,
    "lang": "en",
    "updated": 0
  },
  {
    "id": "f1986853-2193-4a74-a955-dd3477913cf2",
    "data": [
      {
        "text": "can you please remove all items",
        "userDefined": false
      }
    ],
    "isTemplate": false,
    "count": 0,
    "lang": "en",
    "updated": 0
  },
  {
    "id": "4c66c6a1-e49b-4aab-adcf-d84d5e8b234d",
    "data": [
      {
        "text": "can you please delete all items",
        "userDefined": false
      }
    ],
    "isTemplate": false,
    "count": 0,
    "lang": "en",
    "updated": 0
  },
  {
    "id": "68c1e070-1e94-4036-9ade-4526b3776b41",
    "data": [
      {
        "text": "delete all ",
        "userDefined": false
      },
      {
        "text": "products",
        "meta": "@sys.ignore",
        "userDefined": false
      }
    ],
    "isTemplate": false,
    "count": 0,
    "lang": "en",
    "updated": 0
  },
  {
    "id": "d0ffff40-da67-4467-ae8c-ab590a3216bf",
    "data": [
      {
        "text": "remove all ",
        "userDefined": false
      },
      {
        "text": "products",
        "meta": "@sys.ignore",
        "userDefined": false
      },
      {
        "text": " from cart",
        "userDefined": false
      }
    ],
    "isTemplate": false,
    "count": 0,
    "lang": "en",
    "updated": 0
  }
]