[
  {
    "id": "c8c2b72d-093e-4712-a2d5-092f786a95ad",
    "data": [
      {
        "text": "please take me to homepage",
        "userDefined": false
      }
    ],
    "isTemplate": false,
    "count": 0,
    "lang": "en",
    "updated": 0
  },
  {
    "id": "36c02d9e-980b-43e6-b757-491a042b50eb",
    "data": [
      {
        "text": "please show me homepage",
        "userDefined": false
      }
    ],
    "isTemplate": false,
    "count": 0,
    "lang": "en",
    "updated": 0
  },
  {
    "id": "904b07fd-5fdb-452c-b3cf-6f114222f9da",
    "data": [
      {
        "text": "can you take me to homepage",
        "userDefined": false
      }
    ],
    "isTemplate": false,
    "count": 0,
    "lang": "en",
    "updated": 0
  },
  {
    "id": "3d1fb923-9a9d-4e9c-a45e-bdcf942a2ffc",
    "data": [
      {
        "text": "can you show me homepage",
        "userDefined": false
      }
    ],
    "isTemplate": false,
    "count": 0,
    "lang": "en",
    "updated": 0
  },
  {
    "id": "5430a8c2-3326-4b7f-b686-837e99511675",
    "data": [
      {
        "text": "can you navigate to homepage",
        "userDefined": false
      }
    ],
    "isTemplate": false,
    "count": 0,
    "lang": "en",
    "updated": 0
  },
  {
    "id": "347751b8-8edd-4aae-ad19-9733b32817e6",
    "data": [
      {
        "text": "please navigate to home page",
        "userDefined": false
      }
    ],
    "isTemplate": false,
    "count": 0,
    "lang": "en",
    "updated": 0
  },
  {
    "id": "112d06ef-35c7-4fef-9bb2-fa5d670a4324",
    "data": [
      {
        "text": "navigate to home page",
        "userDefined": false
      }
    ],
    "isTemplate": false,
    "count": 0,
    "lang": "en",
    "updated": 0
  }
]