[
  {
    "id": "83f96350-dd26-42f1-a450-50a64df1d018",
    "data": [
      {
        "text": "s",
        "userDefined": false
      }
    ],
    "isTemplate": false,
    "count": 0,
    "lang": "en",
    "updated": 0
  },
  {
    "id": "bae95ba4-f343-4ada-9856-76a6ae2fbd74",
    "data": [
      {
        "text": "I want to sign in with ",
        "userDefined": false
      },
      {
        "text": "yashishvin",
        "meta": "@sys.any",
        "alias": "username",
        "userDefined": true
      },
      {
        "text": " and ",
        "userDefined": false
      },
      {
        "text": "yashishvinpothuri",
        "meta": "@sys.any",
        "alias": "password",
        "userDefined": true
      }
    ],
    "isTemplate": false,
    "count": 0,
    "lang": "en",
    "updated": 0
  },
  {
    "id": "a9f2694a-291d-458b-857b-5d9d94712567",
    "data": [
      {
        "text": "get me in",
        "userDefined": false
      }
    ],
    "isTemplate": false,
    "count": 0,
    "lang": "en",
    "updated": 0
  },
  {
    "id": "cb9c2abe-09ca-40e2-85a0-7e68040a4485",
    "data": [
      {
        "text": "get me in with username ",
        "userDefined": false
      },
      {
        "text": "ctnelson",
        "meta": "@sys.any",
        "alias": "username",
        "userDefined": true
      },
      {
        "text": " and password ",
        "userDefined": false
      },
      {
        "text": "password",
        "meta": "@sys.any",
        "alias": "password",
        "userDefined": true
      }
    ],
    "isTemplate": false,
    "count": 0,
    "lang": "en",
    "updated": 0
  },
  {
    "id": "a2f23cc8-414b-468f-b78d-a8999b38c144",
    "data": [
      {
        "text": "signin",
        "userDefined": false
      }
    ],
    "isTemplate": false,
    "count": 0,
    "lang": "en",
    "updated": 0
  },
  {
    "id": "9c329193-160e-4dd4-8bd7-e59da9b4a374",
    "data": [
      {
        "text": "login",
        "userDefined": false
      }
    ],
    "isTemplate": false,
    "count": 0,
    "lang": "en",
    "updated": 0
  },
  {
    "id": "e701b852-949e-4deb-9217-786d435f4282",
    "data": [
      {
        "text": "sign in",
        "userDefined": false
      }
    ],
    "isTemplate": false,
    "count": 0,
    "lang": "en",
    "updated": 0
  },
  {
    "id": "d8c7d2ab-a17f-452e-bf74-8ccb6363aed8",
    "data": [
      {
        "text": "log in",
        "userDefined": false
      }
    ],
    "isTemplate": false,
    "count": 0,
    "lang": "en",
    "updated": 0
  },
  {
    "id": "8828710d-0676-43a5-b0c8-09233b4a86d7",
    "data": [
      {
        "text": "log in with ",
        "userDefined": false
      },
      {
        "text": "ctnelson",
        "meta": "@sys.any",
        "alias": "username",
        "userDefined": true
      },
      {
        "text": " and ",
        "userDefined": false
      },
      {
        "text": "password",
        "meta": "@sys.any",
        "alias": "password",
        "userDefined": true
      }
    ],
    "isTemplate": false,
    "count": 0,
    "lang": "en",
    "updated": 0
  },
  {
    "id": "4d772a77-7ee6-4d73-a7e7-e9d21d012507",
    "data": [
      {
        "text": "sign me in",
        "userDefined": false
      }
    ],
    "isTemplate": false,
    "count": 0,
    "lang": "en",
    "updated": 0
  },
  {
    "id": "5cc00b48-6e33-42f4-918d-a3d94f3b8734",
    "data": [
      {
        "text": "sign me with ",
        "userDefined": false
      },
      {
        "text": "username",
        "meta": "@sys.any",
        "alias": "username",
        "userDefined": true
      },
      {
        "text": " and ",
        "userDefined": false
      },
      {
        "text": "password",
        "meta": "@sys.any",
        "alias": "password",
        "userDefined": true
      }
    ],
    "isTemplate": false,
    "count": 0,
    "lang": "en",
    "updated": 0
  },
  {
    "id": "de28ffec-c84e-4283-8ddb-afdc491a0dff",
    "data": [
      {
        "text": "log me in",
        "userDefined": false
      }
    ],
    "isTemplate": false,
    "count": 0,
    "lang": "en",
    "updated": 0
  }
]