[
  {
    "id": "670740d1-f1a0-479b-998a-46fc37b02138",
    "data": [
      {
        "text": "take me to previous page",
        "userDefined": false
      }
    ],
    "isTemplate": false,
    "count": 0,
    "lang": "en",
    "updated": 0
  },
  {
    "id": "59d61a78-df6e-453b-b40b-e59f64f86d1b",
    "data": [
      {
        "text": "take me back to previous page",
        "userDefined": false
      }
    ],
    "isTemplate": false,
    "count": 0,
    "lang": "en",
    "updated": 0
  },
  {
    "id": "b1e39aeb-b61f-485c-9cc0-d29077a722a8",
    "data": [
      {
        "text": "go to previous page",
        "userDefined": false
      }
    ],
    "isTemplate": false,
    "count": 0,
    "lang": "en",
    "updated": 0
  },
  {
    "id": "4df02114-1c78-483a-8b65-41a4a29e24b3",
    "data": [
      {
        "text": "navigate to previous page",
        "userDefined": false
      }
    ],
    "isTemplate": false,
    "count": 0,
    "lang": "en",
    "updated": 0
  },
  {
    "id": "e634cb37-b48c-445d-9423-d0b3a997233d",
    "data": [
      {
        "text": "navigate back",
        "userDefined": false
      }
    ],
    "isTemplate": false,
    "count": 0,
    "lang": "en",
    "updated": 0
  },
  {
    "id": "50ecb600-6f17-484d-a4b6-378fadb623d4",
    "data": [
      {
        "text": "take me back",
        "userDefined": false
      }
    ],
    "isTemplate": false,
    "count": 0,
    "lang": "en",
    "updated": 0
  },
  {
    "id": "2d54af3a-38ca-480a-a008-b92fd472767b",
    "data": [
      {
        "text": "go back",
        "userDefined": false
      }
    ],
    "isTemplate": false,
    "count": 0,
    "lang": "en",
    "updated": 0
  }
]