[
  {
    "id": "87be4f39-e915-4b03-86ba-4d07cfcfe28c",
    "data": [
      {
        "text": "cane I get more info on the ",
        "userDefined": false
      },
      {
        "text": "product",
        "meta": "@product",
        "alias": "product",
        "userDefined": true
      }
    ],
    "isTemplate": false,
    "count": 0,
    "lang": "en",
    "updated": 0
  },
  {
    "id": "607cb3b3-a7d2-4395-a920-88edf1fe5793",
    "data": [
      {
        "text": "can I see reviews of the ",
        "userDefined": false
      },
      {
        "text": "product",
        "meta": "@product",
        "alias": "product",
        "userDefined": true
      }
    ],
    "isTemplate": false,
    "count": 0,
    "lang": "en",
    "updated": 0
  },
  {
    "id": "1eb2954c-9b6a-412c-8df6-0bd4385ed947",
    "data": [
      {
        "text": "please provide me with the reviews of the ",
        "userDefined": false
      },
      {
        "text": "product",
        "meta": "@product",
        "alias": "product",
        "userDefined": true
      }
    ],
    "isTemplate": false,
    "count": 0,
    "lang": "en",
    "updated": 0
  },
  {
    "id": "a4a6c557-97f1-4b54-bcc3-dedd18c566a8",
    "data": [
      {
        "text": "I would like to know more about ",
        "userDefined": false
      },
      {
        "text": "product",
        "meta": "@product",
        "alias": "product",
        "userDefined": true
      }
    ],
    "isTemplate": false,
    "count": 0,
    "lang": "en",
    "updated": 0
  },
  {
    "id": "3a632850-dfe9-4209-94ec-d12fdc685079",
    "data": [
      {
        "text": "can you give me information about ",
        "userDefined": false
      },
      {
        "text": "product",
        "meta": "@product",
        "alias": "product",
        "userDefined": true
      }
    ],
    "isTemplate": false,
    "count": 0,
    "lang": "en",
    "updated": 0
  },
  {
    "id": "e7a55b53-3818-44ab-88d9-f9bcaaa3912f",
    "data": [
      {
        "text": "please give me information about ",
        "userDefined": false
      },
      {
        "text": "product",
        "meta": "@product",
        "alias": "product",
        "userDefined": true
      }
    ],
    "isTemplate": false,
    "count": 0,
    "lang": "en",
    "updated": 0
  },
  {
    "id": "4628c5d9-5f66-4a76-92f5-8f3c7148885b",
    "data": [
      {
        "text": "could you tell me more about ",
        "userDefined": false
      },
      {
        "text": "product",
        "meta": "@product",
        "alias": "product",
        "userDefined": true
      }
    ],
    "isTemplate": false,
    "count": 0,
    "lang": "en",
    "updated": 0
  },
  {
    "id": "920da440-ac35-42bb-9f54-e8ecc53fdb0c",
    "data": [
      {
        "text": "please tell me more about ",
        "userDefined": false
      },
      {
        "text": "product",
        "meta": "@product",
        "alias": "product",
        "userDefined": true
      }
    ],
    "isTemplate": false,
    "count": 0,
    "lang": "en",
    "updated": 0
  }
]