[
  {
    "id": "0b474e6d-f25a-45be-868a-8dc43174af19",
    "data": [
      {
        "text": "can you tell me more about its reviews",
        "userDefined": false
      }
    ],
    "isTemplate": false,
    "count": 0,
    "lang": "en",
    "updated": 0
  },
  {
    "id": "8790cce4-eb98-4699-9e7e-cdf1e447c438",
    "data": [
      {
        "text": "can you tell me its reviews",
        "userDefined": false
      }
    ],
    "isTemplate": false,
    "count": 0,
    "lang": "en",
    "updated": 0
  },
  {
    "id": "bb3716fc-b06d-4b13-be4f-fbb61c1a5dba",
    "data": [
      {
        "text": "please tell me its reviews",
        "userDefined": false
      }
    ],
    "isTemplate": false,
    "count": 0,
    "lang": "en",
    "updated": 0
  },
  {
    "id": "eee5cdde-f292-44dc-bc65-2a81ea2f2d11",
    "data": [
      {
        "text": "please tell me its ratings",
        "userDefined": false
      }
    ],
    "isTemplate": false,
    "count": 0,
    "lang": "en",
    "updated": 0
  },
  {
    "id": "e3e955a3-c15d-474a-8b4b-435a89d5cac2",
    "data": [
      {
        "text": "can you tell me its ratings",
        "userDefined": false
      }
    ],
    "isTemplate": false,
    "count": 0,
    "lang": "en",
    "updated": 0
  },
  {
    "id": "885d536e-2921-49fb-ab15-3e84c2254ed5",
    "data": [
      {
        "text": "can you tell me more about its ratings?",
        "userDefined": false
      }
    ],
    "isTemplate": false,
    "count": 0,
    "lang": "en",
    "updated": 0
  },
  {
    "id": "12e636cc-c362-49c0-9325-4cb242668442",
    "data": [
      {
        "text": "What is the average rating?",
        "userDefined": false
      }
    ],
    "isTemplate": false,
    "count": 0,
    "lang": "en",
    "updated": 0
  },
  {
    "id": "ba78e9ef-2007-48e9-98f8-fc53f3462864",
    "data": [
      {
        "text": "tell me about its ratings",
        "userDefined": false
      }
    ],
    "isTemplate": false,
    "count": 0,
    "lang": "en",
    "updated": 0
  },
  {
    "id": "27f2ac0d-1163-420e-9e6a-46701f1e224c",
    "data": [
      {
        "text": "tell me about its reviews",
        "userDefined": false
      }
    ],
    "isTemplate": false,
    "count": 0,
    "lang": "en",
    "updated": 0
  },
  {
    "id": "d520ef50-f442-4fb1-ba8a-cc9bd27ff23e",
    "data": [
      {
        "text": "more reviews",
        "userDefined": false
      }
    ],
    "isTemplate": false,
    "count": 0,
    "lang": "en",
    "updated": 0
  },
  {
    "id": "0036ebfd-58d5-4aa1-9a2b-4474f1488b0a",
    "data": [
      {
        "text": "more results",
        "userDefined": false
      }
    ],
    "isTemplate": false,
    "count": 0,
    "lang": "en",
    "updated": 0
  },
  {
    "id": "867f19a3-2857-47d8-9bd5-cdc03d2c0e7a",
    "data": [
      {
        "text": "more information",
        "userDefined": false
      }
    ],
    "isTemplate": false,
    "count": 0,
    "lang": "en",
    "updated": 0
  },
  {
    "id": "898ff1c3-f1d9-4da2-8f0c-6bb4689e4431",
    "data": [
      {
        "text": "anything else",
        "userDefined": false
      }
    ],
    "isTemplate": false,
    "count": 0,
    "lang": "en",
    "updated": 0
  },
  {
    "id": "ce46cb3b-7a9c-43b8-b0c4-56ce9ac352dd",
    "data": [
      {
        "text": "what else",
        "userDefined": false
      }
    ],
    "isTemplate": false,
    "count": 0,
    "lang": "en",
    "updated": 0
  }
]