[
  {
    "id": "d33eedb4-29e2-45ba-bcf3-ebb6e6953053",
    "data": [
      {
        "text": "delete ",
        "userDefined": false
      },
      {
        "text": "product",
        "meta": "@product",
        "alias": "product",
        "userDefined": false
      }
    ],
    "isTemplate": false,
    "count": 0,
    "lang": "en",
    "updated": 0
  },
  {
    "id": "4a26c924-a57d-43b3-a98d-ef26cc4cb75d",
    "data": [
      {
        "text": "remove ",
        "userDefined": false
      },
      {
        "text": "product",
        "meta": "@product",
        "alias": "product",
        "userDefined": false
      }
    ],
    "isTemplate": false,
    "count": 0,
    "lang": "en",
    "updated": 0
  },
  {
    "id": "bbfa119a-2663-4086-8b02-5779fb9ffc93",
    "data": [
      {
        "text": "remove ",
        "userDefined": false
      },
      {
        "text": "product",
        "meta": "@product",
        "alias": "product",
        "userDefined": false
      },
      {
        "text": " from my cart",
        "userDefined": false
      }
    ],
    "isTemplate": false,
    "count": 0,
    "lang": "en",
    "updated": 0
  }
]