[
  {
    "id": "c7cf93a4-c118-47f3-9609-17274c32ffd4",
    "data": [
      {
        "text": "delete ",
        "userDefined": false
      },
      {
        "text": "tag",
        "meta": "@sys.ignore",
        "userDefined": false
      }
    ],
    "isTemplate": false,
    "count": 2,
    "lang": "en",
    "updated": 0
  },
  {
    "id": "076d29ad-5f37-43f3-9f79-7d5b07385675",
    "data": [
      {
        "text": "delete ",
        "userDefined": false
      },
      {
        "text": "tag",
        "meta": "@tag",
        "alias": "tag",
        "userDefined": false
      },
      {
        "text": " from filter",
        "userDefined": false
      }
    ],
    "isTemplate": false,
    "count": 1,
    "lang": "en",
    "updated": 0
  },
  {
    "id": "4fbb2449-9d75-400f-a7ce-35423c51b9c9",
    "data": [
      {
        "text": "remove ",
        "userDefined": false
      },
      {
        "text": "tag",
        "meta": "@tag",
        "alias": "tag",
        "userDefined": false
      },
      {
        "text": " from filter",
        "userDefined": false
      }
    ],
    "isTemplate": false,
    "count": 0,
    "lang": "en",
    "updated": 0
  }
]