[
  {
    "id": "2edb4f2f-1e70-4c6e-8c8e-7f67e1c40730",
    "data": [
      {
        "text": "show me what you have in ",
        "userDefined": false
      },
      {
        "text": "category",
        "meta": "@category",
        "alias": "category",
        "userDefined": true
      }
    ],
    "isTemplate": false,
    "count": 0,
    "lang": "en",
    "updated": 0
  },
  {
    "id": "85091e87-139d-4605-9d81-3fd9de3e7dcc",
    "data": [
      {
        "text": "show me tags of ",
        "userDefined": false
      },
      {
        "text": "category",
        "meta": "@category",
        "alias": "category",
        "userDefined": false
      }
    ],
    "isTemplate": false,
    "count": 0,
    "lang": "en",
    "updated": 0
  }
]