[
  {
    "value": "hats",
    "synonyms": [
      "hat",
      "hats",
      "headpiece",
      "visor"
    ]
  },
  {
    "value": "sweatshirts",
    "synonyms": [
      "sweatshirts",
      "sweatshirt",
      "hoodie"
    ]
  },
  {
    "value": "plushes",
    "synonyms": [
      "plushes",
      "plush",
      "plushies",
      "pillow",
      "keychain"
    ]
  },
  {
    "value": "leggings",
    "synonyms": [
      "leggings"
    ]
  },
  {
    "value": "tees",
    "synonyms": [
      "tees",
      "tshirt",
      "t-shirt"
    ]
  },
  {
    "value": "bottoms",
    "synonyms": [
      "bottoms",
      "shorts",
      "joggers",
      "sweatpants",
      "short"
    ]
  }
]