[
  {
    "value": "Bucky Crew Neck Sweatshirt",
    "synonyms": [
      "Bucky Crew Neck Sweatshirt",
      "crew sweatshirt"
    ]
  },
  {
    "value": "Bucky Badger Plush",
    "synonyms": [
      "Bucky Badger Plush",
      "badger plush"
    ]
  },
  {
    "value": "Wisconsin Leggings",
    "synonyms": [
      "Wisconsin Leggings"
    ]
  },
  {
    "value": "Game Day Bucky Plush",
    "synonyms": [
      "Game Day Bucky Plush"
    ]
  },
  {
    "value": "Bucky BadgerLeggings",
    "synonyms": [
      "Bucky Badger Leggings"
    ]
  },
  {
    "value": "W Cloud Pillow",
    "synonyms": [
      "W Cloud Pillow",
      "cloud pillow"
    ]
  },
  {
    "value": "Bucky Badger Pillow",
    "synonyms": [
      "Bucky Badger Pillow",
      "badger pillow"
    ]
  },
  {
    "value": "Bucky Badger Keychain",
    "synonyms": [
      "Bucky Badger Keychain",
      "badger keychain",
      "keychain"
    ]
  },
  {
    "value": "Wisconsin Football Hat",
    "synonyms": [
      "Wisconsin Football Hat",
      "hat",
      "football hat",
      "wisconsin hat"
    ]
  },
  {
    "value": "White Wisconsin Visor",
    "synonyms": [
      "White Wisconsin Visor",
      "visor",
      "wiscosnin visor",
      "white visor"
    ]
  },
  {
    "value": "Jump Around Shirt",
    "synonyms": [
      "Jump Around Shirt",
      "jump t-shirt"
    ]
  },
  {
    "value": "150 Year Commemorative Hoodie",
    "synonyms": [
      "150 Year Commemorative Hoodie",
      "commemorative hoodie"
    ]
  },
  {
    "value": "Women\u0027s Wisconsin Cuddle Joggers",
    "synonyms": [
      "Women\u0027s Wisconsin Cuddle Joggers"
    ]
  },
  {
    "value": "Wisconsin Sweatpants",
    "synonyms": [
      "Wisconsin Sweatpants"
    ]
  },
  {
    "value": "Wisconsin Qualifier Woven Short",
    "synonyms": [
      "Wisconsin Qualifier Woven Short"
    ]
  },
  {
    "value": "Wisconsin Running Shorts",
    "synonyms": [
      "Wisconsin Running Shorts"
    ]
  }
]