[
  {
    "value": "men",
    "synonyms": [
      "men",
      "man",
      "guy",
      "boy",
      "male",
      "gentleman"
    ]
  },
  {
    "value": "women",
    "synonyms": [
      "women",
      "woman",
      "lady",
      "female",
      "girl"
    ]
  },
  {
    "value": "red",
    "synonyms": [
      "red"
    ]
  },
  {
    "value": "white",
    "synonyms": [
      "white"
    ]
  },
  {
    "value": "logo",
    "synonyms": [
      "logo",
      "design",
      "emblem",
      "symbol",
      "sign"
    ]
  },
  {
    "value": "printed",
    "synonyms": [
      "printed"
    ]
  },
  {
    "value": "cotton",
    "synonyms": [
      "cotton"
    ]
  },
  {
    "value": "polyester",
    "synonyms": [
      "polyester"
    ]
  },
  {
    "value": "shortsleeve",
    "synonyms": [
      "shortsleeve"
    ]
  },
  {
    "value": "longsleeve",
    "synonyms": [
      "longsleeve"
    ]
  },
  {
    "value": "shorts",
    "synonyms": [
      "shorts",
      "short"
    ]
  },
  {
    "value": "pants",
    "synonyms": [
      "pants",
      "pant"
    ]
  },
  {
    "value": "sweats",
    "synonyms": [
      "sweats",
      "sweat"
    ]
  },
  {
    "value": "hoodies",
    "synonyms": [
      "hoodies",
      "hoodie"
    ]
  },
  {
    "value": "grey",
    "synonyms": [
      "grey"
    ]
  },
  {
    "value": "youth",
    "synonyms": [
      "youth",
      "young"
    ]
  },
  {
    "value": "adult",
    "synonyms": [
      "adult"
    ]
  },
  {
    "value": "embroidered",
    "synonyms": [
      "embroidered"
    ]
  },
  {
    "value": "black",
    "synonyms": [
      "black"
    ]
  },
  {
    "value": "fuzzy",
    "synonyms": [
      "fuzzy"
    ]
  },
  {
    "value": "badger",
    "synonyms": [
      "badger",
      "bucky badger"
    ]
  },
  {
    "value": "pillow",
    "synonyms": [
      "pillow",
      "pillows"
    ]
  },
  {
    "value": "keychain",
    "synonyms": [
      "keychain",
      "keychains"
    ]
  },
  {
    "value": "visor",
    "synonyms": [
      "visor",
      "visors"
    ]
  }
]